{
  "AWSTemplateFormatVersion": "2010-09-09",
  "Description": "The AWS CloudFormation template for this Serverless application",
  "Resources": {
    "ForwardDashrequestLogGroup": {
      "Type": "AWS::Logs::LogGroup",
      "Properties": {
        "LogGroupName": "/aws/lambda/cicd-poc-poc-forward-request"
      }
    },
    "IamRoleLambdaExecution": {
      "Type": "AWS::IAM::Role",
      "Properties": {
        "AssumeRolePolicyDocument": {
          "Version": "2012-10-17",
          "Statement": [
            {
              "Effect": "Allow",
              "Principal": {
                "Service": [
                  "lambda.amazonaws.com"
                ]
              },
              "Action": [
                "sts:AssumeRole"
              ]
            }
          ]
        },
        "Policies": [
          {
            "PolicyName": {
              "Fn::Join": [
                "-",
                [
                  "poc",
                  "cicd-poc",
                  "lambda"
                ]
              ]
            },
            "PolicyDocument": {
              "Version": "2012-10-17",
              "Statement": [
                {
                  "Effect": "Allow",
                  "Action": [
                    "logs:CreateLogStream",
                    "logs:CreateLogGroup"
                  ],
                  "Resource": [
                    {
                      "Fn::Sub": "arn:${AWS::Partition}:logs:${AWS::Region}:${AWS::AccountId}:log-group:/aws/lambda/cicd-poc-poc*:*"
                    }
                  ]
                },
                {
                  "Effect": "Allow",
                  "Action": [
                    "logs:PutLogEvents"
                  ],
                  "Resource": [
                    {
                      "Fn::Sub": "arn:${AWS::Partition}:logs:${AWS::Region}:${AWS::AccountId}:log-group:/aws/lambda/cicd-poc-poc*:*:*"
                    }
                  ]
                }
              ]
            }
          }
        ],
        "Path": "/",
        "RoleName": {
          "Fn::Join": [
            "-",
            [
              "cicd-poc",
              "poc",
              {
                "Ref": "AWS::Region"
              },
              "lambdaRole"
            ]
          ]
        }
      }
    },
    "ForwardDashrequestLambdaFunction": {
      "Type": "AWS::Lambda::Function",
      "Properties": {
        "Code": {
          "S3Bucket": "tf-sls-deployments-sandbox-eu-west-1",
          "S3Key": "serverless/cicd-poc/poc/1588690937914-2020-05-05T15:02:17.914Z/cicd-poc.zip"
        },
        "FunctionName": "cicd-poc-poc-forward-request",
        "Handler": "handler.main",
        "MemorySize": 1024,
        "Role": {
          "Fn::GetAtt": [
            "IamRoleLambdaExecution",
            "Arn"
          ]
        },
        "Runtime": "python3.7",
        "Timeout": 6
      },
      "DependsOn": [
        "ForwardDashrequestLogGroup",
        "IamRoleLambdaExecution"
      ]
    },
    "ForwardDashrequestLambdaVersionPEN4SP1RIITNdE4TZVIYKeFTFYPrKrzhxA8Lbizhq4": {
      "Type": "AWS::Lambda::Version",
      "DeletionPolicy": "Retain",
      "Properties": {
        "FunctionName": {
          "Ref": "ForwardDashrequestLambdaFunction"
        },
        "CodeSha256": "RUYMnrnNoOv9cngNzQ7umFLI3GGjVsaHQoc4EVh41NI="
      }
    },
    "ApiGatewayRestApi": {
      "Type": "AWS::ApiGateway::RestApi",
      "Properties": {
        "Name": "poc-cicd-poc",
        "EndpointConfiguration": {
          "Types": [
            "REGIONAL"
          ]
        },
        "Policy": ""
      }
    },
    "ApiGatewayMethodGet": {
      "Type": "AWS::ApiGateway::Method",
      "Properties": {
        "HttpMethod": "GET",
        "RequestParameters": {},
        "ResourceId": {
          "Fn::GetAtt": [
            "ApiGatewayRestApi",
            "RootResourceId"
          ]
        },
        "RestApiId": {
          "Ref": "ApiGatewayRestApi"
        },
        "ApiKeyRequired": false,
        "AuthorizationType": "NONE",
        "Integration": {
          "IntegrationHttpMethod": "POST",
          "Type": "AWS",
          "Uri": {
            "Fn::Join": [
              "",
              [
                "arn:",
                {
                  "Ref": "AWS::Partition"
                },
                ":apigateway:",
                {
                  "Ref": "AWS::Region"
                },
                ":lambda:path/2015-03-31/functions/",
                {
                  "Fn::GetAtt": [
                    "ForwardDashrequestLambdaFunction",
                    "Arn"
                  ]
                },
                "/invocations"
              ]
            ]
          },
          "PassthroughBehavior": "NEVER",
          "RequestTemplates": {
            "application/json": "\n    #set( $body = $input.json(\"$\") )\n\n    \n  #define( $loop )\n    {\n    #foreach($key in $map.keySet())\n        #set( $k = $util.escapeJavaScript($key) )\n        #set( $v = $util.escapeJavaScript($map.get($key)).replaceAll(\"\\\\'\", \"'\") )\n        \"$k\":\n          \"$v\"\n          #if( $foreach.hasNext ) , #end\n    #end\n    }\n  #end\n\n  {\n    \"body\": $body,\n    \"method\": \"$context.httpMethod\",\n    \"principalId\": \"$context.authorizer.principalId\",\n    \"stage\": \"$context.stage\",\n\n    \"cognitoPoolClaims\" : {\n       \n       \"sub\": \"$context.authorizer.claims.sub\"\n    },\n\n    #set( $map = $context.authorizer )\n    \"enhancedAuthContext\": $loop,\n\n    #set( $map = $input.params().header )\n    \"headers\": $loop,\n\n    #set( $map = $input.params().querystring )\n    \"query\": $loop,\n\n    #set( $map = $input.params().path )\n    \"path\": $loop,\n\n    #set( $map = $context.identity )\n    \"identity\": $loop,\n\n    #set( $map = $stageVariables )\n    \"stageVariables\": $loop,\n\n    \"requestPath\": \"$context.resourcePath\"\n  }\n\n  ",
            "application/x-www-form-urlencoded": "\n    #define( $body )\n      {\n      #foreach( $token in $input.path('$').split('&') )\n        #set( $keyVal = $token.split('=') )\n        #set( $keyValSize = $keyVal.size() )\n        #if( $keyValSize >= 1 )\n          #set( $key = $util.escapeJavaScript($util.urlDecode($keyVal[0])) )\n          #if( $keyValSize >= 2 )\n            #set($val = $util.escapeJavaScript($util.urlDecode($keyVal[1])).replaceAll(\"\\\\'\",\"'\"))\n          #else\n            #set( $val = '' )\n          #end\n          \"$key\": \"$val\"#if($foreach.hasNext),#end\n        #end\n      #end\n      }\n    #end\n\n    \n  #define( $loop )\n    {\n    #foreach($key in $map.keySet())\n        #set( $k = $util.escapeJavaScript($key) )\n        #set( $v = $util.escapeJavaScript($map.get($key)).replaceAll(\"\\\\'\", \"'\") )\n        \"$k\":\n          \"$v\"\n          #if( $foreach.hasNext ) , #end\n    #end\n    }\n  #end\n\n  {\n    \"body\": $body,\n    \"method\": \"$context.httpMethod\",\n    \"principalId\": \"$context.authorizer.principalId\",\n    \"stage\": \"$context.stage\",\n\n    \"cognitoPoolClaims\" : {\n       \n       \"sub\": \"$context.authorizer.claims.sub\"\n    },\n\n    #set( $map = $context.authorizer )\n    \"enhancedAuthContext\": $loop,\n\n    #set( $map = $input.params().header )\n    \"headers\": $loop,\n\n    #set( $map = $input.params().querystring )\n    \"query\": $loop,\n\n    #set( $map = $input.params().path )\n    \"path\": $loop,\n\n    #set( $map = $context.identity )\n    \"identity\": $loop,\n\n    #set( $map = $stageVariables )\n    \"stageVariables\": $loop,\n\n    \"requestPath\": \"$context.resourcePath\"\n  }\n\n  "
          },
          "IntegrationResponses": [
            {
              "StatusCode": 200,
              "SelectionPattern": "",
              "ResponseParameters": {},
              "ResponseTemplates": {}
            },
            {
              "StatusCode": 400,
              "SelectionPattern": "[\\s\\S]*\\[400\\][\\s\\S]*",
              "ResponseParameters": {},
              "ResponseTemplates": {}
            },
            {
              "StatusCode": 401,
              "SelectionPattern": "[\\s\\S]*\\[401\\][\\s\\S]*",
              "ResponseParameters": {},
              "ResponseTemplates": {}
            },
            {
              "StatusCode": 403,
              "SelectionPattern": "[\\s\\S]*\\[403\\][\\s\\S]*",
              "ResponseParameters": {},
              "ResponseTemplates": {}
            },
            {
              "StatusCode": 404,
              "SelectionPattern": "[\\s\\S]*\\[404\\][\\s\\S]*",
              "ResponseParameters": {},
              "ResponseTemplates": {}
            },
            {
              "StatusCode": 422,
              "SelectionPattern": "[\\s\\S]*\\[422\\][\\s\\S]*",
              "ResponseParameters": {},
              "ResponseTemplates": {}
            },
            {
              "StatusCode": 500,
              "SelectionPattern": "[\\s\\S]*(Process\\s?exited\\s?before\\s?completing\\s?request|\\[500\\])[\\s\\S]*",
              "ResponseParameters": {},
              "ResponseTemplates": {}
            },
            {
              "StatusCode": 502,
              "SelectionPattern": "[\\s\\S]*\\[502\\][\\s\\S]*",
              "ResponseParameters": {},
              "ResponseTemplates": {}
            },
            {
              "StatusCode": 504,
              "SelectionPattern": "([\\s\\S]*\\[504\\][\\s\\S]*)|(.*Task timed out after \\d+\\.\\d+ seconds$)",
              "ResponseParameters": {},
              "ResponseTemplates": {}
            }
          ]
        },
        "MethodResponses": [
          {
            "ResponseParameters": {},
            "ResponseModels": {},
            "StatusCode": 200
          },
          {
            "ResponseParameters": {},
            "ResponseModels": {},
            "StatusCode": 400
          },
          {
            "ResponseParameters": {},
            "ResponseModels": {},
            "StatusCode": 401
          },
          {
            "ResponseParameters": {},
            "ResponseModels": {},
            "StatusCode": 403
          },
          {
            "ResponseParameters": {},
            "ResponseModels": {},
            "StatusCode": 404
          },
          {
            "ResponseParameters": {},
            "ResponseModels": {},
            "StatusCode": 422
          },
          {
            "ResponseParameters": {},
            "ResponseModels": {},
            "StatusCode": 500
          },
          {
            "ResponseParameters": {},
            "ResponseModels": {},
            "StatusCode": 502
          },
          {
            "ResponseParameters": {},
            "ResponseModels": {},
            "StatusCode": 504
          }
        ]
      }
    },
    "ApiGatewayDeployment1588690936483": {
      "Type": "AWS::ApiGateway::Deployment",
      "Properties": {
        "RestApiId": {
          "Ref": "ApiGatewayRestApi"
        },
        "StageName": "poc"
      },
      "DependsOn": [
        "ApiGatewayMethodGet"
      ]
    },
    "ForwardDashrequestLambdaPermissionApiGateway": {
      "Type": "AWS::Lambda::Permission",
      "Properties": {
        "FunctionName": {
          "Fn::GetAtt": [
            "ForwardDashrequestLambdaFunction",
            "Arn"
          ]
        },
        "Action": "lambda:InvokeFunction",
        "Principal": "apigateway.amazonaws.com",
        "SourceArn": {
          "Fn::Join": [
            "",
            [
              "arn:",
              {
                "Ref": "AWS::Partition"
              },
              ":execute-api:",
              {
                "Ref": "AWS::Region"
              },
              ":",
              {
                "Ref": "AWS::AccountId"
              },
              ":",
              {
                "Ref": "ApiGatewayRestApi"
              },
              "/*/*"
            ]
          ]
        }
      }
    }
  },
  "Outputs": {
    "ServerlessDeploymentBucketName": {
      "Value": "tf-sls-deployments-sandbox-eu-west-1"
    },
    "ForwardDashrequestLambdaFunctionQualifiedArn": {
      "Description": "Current Lambda function version",
      "Value": {
        "Ref": "ForwardDashrequestLambdaVersionPEN4SP1RIITNdE4TZVIYKeFTFYPrKrzhxA8Lbizhq4"
      }
    },
    "ServiceEndpoint": {
      "Description": "URL of the service endpoint",
      "Value": {
        "Fn::Join": [
          "",
          [
            "https://",
            {
              "Ref": "ApiGatewayRestApi"
            },
            ".execute-api.",
            {
              "Ref": "AWS::Region"
            },
            ".",
            {
              "Ref": "AWS::URLSuffix"
            },
            "/poc"
          ]
        ]
      }
    }
  }
}